{"cameraMode":{"drawMode":0,"name":"Shaded","section":"Shading Mode"},"sceneLighting":false,"audioPlay":false,"sceneViewState":{"m_AlwaysRefresh":false,"showFog":true,"showSkybox":false,"showFlares":true,"showImageEffects":true,"showParticleSystems":true,"showVisualEffectGraphs":true,"m_FxEnabled":true},"in2DMode":false,"pivot":{"x":-10.000004768371582,"y":7.573022842407227,"z":-0.00000476837158203125},"rotation":{"x":0.14267975091934205,"y":-0.8545792698860169,"z":0.3142964839935303,"w":0.3881254196166992},"size":19.942495346069337,"orthographic":false}