{"cameraMode":{"drawMode":0,"name":"Shaded","section":"Shading Mode"},"sceneLighting":true,"audioPlay":false,"sceneViewState":{"m_AlwaysRefresh":false,"showFog":true,"showSkybox":true,"showFlares":true,"showImageEffects":true,"showParticleSystems":true,"showVisualEffectGraphs":true,"m_FxEnabled":true},"in2DMode":false,"pivot":{"x":5.271002769470215,"y":-27.1887264251709,"z":28.96639633178711},"rotation":{"x":-0.26684415340423586,"y":0.036622341722249988,"z":-0.010193153284490109,"w":-0.9630202651023865},"size":23.258806228637697,"orthographic":false}