{"cameraMode":{"drawMode":0,"name":"Shaded","section":"Shading Mode"},"sceneLighting":true,"audioPlay":false,"sceneViewState":{"m_AlwaysRefresh":false,"showFog":true,"showSkybox":true,"showFlares":true,"showImageEffects":true,"showParticleSystems":true,"showVisualEffectGraphs":true,"m_FxEnabled":true},"in2DMode":false,"pivot":{"x":0.6723268032073975,"y":-0.6600000858306885,"z":3.5199999809265138},"rotation":{"x":-0.0840822234749794,"y":-0.8828465938568115,"z":0.1732776015996933,"w":-0.42838525772094729},"size":1.2247449159622193,"orthographic":false}