{"cameraMode":{"drawMode":0,"name":"Shaded","section":"Shading Mode"},"sceneLighting":true,"audioPlay":false,"sceneViewState":{"m_AlwaysRefresh":false,"showFog":true,"showSkybox":true,"showFlares":true,"showImageEffects":true,"showParticleSystems":true,"showVisualEffectGraphs":true,"m_FxEnabled":true},"in2DMode":false,"pivot":{"x":11.871047019958496,"y":-0.7299776077270508,"z":1.3596339225769044},"rotation":{"x":0.2124679982662201,"y":-0.5495055317878723,"z":0.14698028564453126,"w":0.7945709824562073},"size":7.424868106842041,"orthographic":false}