{"cameraMode":{"drawMode":0,"name":"Shaded","section":"Shading Mode"},"sceneLighting":true,"audioPlay":false,"sceneViewState":{"m_AlwaysRefresh":false,"showFog":true,"showSkybox":true,"showFlares":true,"showImageEffects":true,"showParticleSystems":true,"showVisualEffectGraphs":true,"m_FxEnabled":true},"in2DMode":false,"pivot":{"x":6.017270088195801,"y":-21.916244506835939,"z":-10.085796356201172},"rotation":{"x":-0.44682613015174868,"y":0.10657330602407456,"z":-0.05376865714788437,"w":-0.8866444826126099},"size":26.090709686279298,"orthographic":false}