{"cameraMode":{"drawMode":0,"name":"Shaded","section":"Shading Mode"},"sceneLighting":false,"audioPlay":false,"sceneViewState":{"m_AlwaysRefresh":false,"showFog":true,"showSkybox":false,"showFlares":true,"showImageEffects":true,"showParticleSystems":true,"showVisualEffectGraphs":true,"m_FxEnabled":true},"in2DMode":false,"pivot":{"x":-10.000005722045899,"y":7.744406700134277,"z":0.6868801116943359},"rotation":{"x":0.19469861686229707,"y":-0.7888134717941284,"z":0.3117978572845459,"w":0.49269479513168337},"size":20.586450576782228,"orthographic":false}