{"cameraMode":{"drawMode":0,"name":"Shaded","section":"Shading Mode"},"sceneLighting":false,"audioPlay":false,"sceneViewState":{"m_AlwaysRefresh":false,"showFog":true,"showSkybox":false,"showFlares":true,"showImageEffects":true,"showParticleSystems":true,"showVisualEffectGraphs":true,"m_FxEnabled":true},"in2DMode":false,"pivot":{"x":0.0000010132789611816407,"y":0.9012029767036438,"z":-0.02514493465423584},"rotation":{"x":-0.1702912300825119,"y":0.7264757752418518,"z":-0.19427746534347535,"w":-0.6367830634117127},"size":1.465915322303772,"orthographic":false}